{
  "lang":"en",
  "name":"pipeline",
  "version":"0.0.0",
  "spacy_version":">=3.7.6,<3.8.0",
  "description":"",
  "author":"",
  "email":"",
  "url":"",
  "license":"",
  "spacy_git_version":"319e025",
  "vectors":{
    "width":0,
    "vectors":0,
    "keys":0,
    "name":null,
    "mode":"default"
  },
  "labels":{
    "tok2vec":[

    ],
    "ner":[
      "B-DES",
      "B-EMAIL",
      "B-NAME",
      "B-ORG",
      "B-PHOE",
      "B-PHONE",
      "B-WEB",
      "DES",
      "EMAIL",
      "I-DE",
      "I-DES",
      "I-EMAIL",
      "I-NAME",
      "I-OR",
      "I-ORG",
      "I-PHONE",
      "I-WEB",
      "NAME",
      "ORG",
      "PHONE",
      "WEB"
    ]
  },
  "pipeline":[
    "tok2vec",
    "ner"
  ],
  "components":[
    "tok2vec",
    "ner"
  ],
  "disabled":[

  ],
  "performance":{
    "ents_f":0.6307053942,
    "ents_p":0.6440677966,
    "ents_r":0.6178861789,
    "ents_per_type":{
      "B-DES":{
        "p":0.7,
        "r":0.6086956522,
        "f":0.6511627907
      },
      "I-DES":{
        "p":0.7142857143,
        "r":0.6818181818,
        "f":0.6976744186
      },
      "B-EMAIL":{
        "p":0.7368421053,
        "r":0.7777777778,
        "f":0.7567567568
      },
      "B-ORG":{
        "p":0.6470588235,
        "r":0.5238095238,
        "f":0.5789473684
      },
      "I-ORG":{
        "p":0.4102564103,
        "r":0.4444444444,
        "f":0.4266666667
      },
      "I-NAME":{
        "p":0.84375,
        "r":0.7105263158,
        "f":0.7714285714
      },
      "I-EMAIL":{
        "p":0.4,
        "r":0.2857142857,
        "f":0.3333333333
      },
      "B-NAME":{
        "p":0.7368421053,
        "r":0.6363636364,
        "f":0.6829268293
      },
      "B-PHONE":{
        "p":0.6578947368,
        "r":0.8333333333,
        "f":0.7352941176
      },
      "I-PHONE":{
        "p":0.5333333333,
        "r":0.6153846154,
        "f":0.5714285714
      },
      "B-WEB":{
        "p":0.6,
        "r":0.6666666667,
        "f":0.6315789474
      },
      "ORG":{
        "p":0.0,
        "r":0.0,
        "f":0.0
      },
      "I-WEB":{
        "p":0.0,
        "r":0.0,
        "f":0.0
      },
      "PHONE":{
        "p":0.0,
        "r":0.0,
        "f":0.0
      }
    },
    "tok2vec_loss":518.8269593536,
    "ner_loss":386.3494121461
  }
}